b_3,b_3,b_3,b_3,b_3
b_3,b_3,b_3,b_3,b_3
b_3,b_3,b_3,b_3,b_3
b_3,b_3,b_3,b_3,b_3
b_3,b_3,b_3,b_3,b_3
b_3,b_3,b_3,b_3,b_3
b_3,b_3,b_3,b_3,b_3
b_3,b_3,b_3,b_3,b_3
b_3,b_3,b_3,b_3,b_3
b_3,b_3,b_3,b_3,b_3
,,,,
,,,,
,,,,
,,,,
,,,,
,,,,
,,,,
,,,,
,,,,
b_3_n_0,b_5_n_0,b_5_n_0,b_5_n_0,b_10
,,,,
,,,,
,,,,
,,,,
,,,i_0,
,,,,
,,,,
,,,,
,,,,
b_15,b_15,b_15,b_5,b_5
,,,,
,,,,
,,,,
,,,,
,,,,
,,,,
i_0,,,,
,,,,
,,,,
n_0,n_0,bb_30,n_0,n_0
,,,,
,,,,
,,,,
,,,,
,,i_0,,
,,,,
,,,,
,,,,
,,,,
b_15,b_15,b_15,b_7,b_7
,,,,
,,,,
,,,,
,,,,
,,,,
,,,,
i_0,,,,
,,,,
,,,,
b_15,b_5_n_0,b_5_n_0,b_15,b_15
,,,,
,,,,
,,,,
,,,,
,,,,
,,,,
,,,,
,,,,
,,,,
b_15,b_15,b_9,b_9,b_15
,,,,
,,,,
,,,,
,,,,
,,,,
,,,,
,,,,
,,,,
,,,,
b_40,b_40,bb_30,b_40,b_40
,,,,
,,,,
,,,,
,,,,
,,,,
,,,,
,,,,
,,,,
,,,,
b_18,b_18,b_18,b_7,b_7
,,,,
,,,,
,,,,
,,,,
,i_0,,,
,,,,
,,,,
,,,,
,,,,
b_5_n_0,b_5_n_0,b_5_n_0,b_15,b_15
,,,,
,,,,
,,,,
,,,,
,,,,
,,,,
,,,,
,,,,
,,,,
b_1,b_2,b_2,b_2,b_1
,,,,
,,,,
,,,,
,,,,
,,i_0,,
,,,,
,,,,
,,,,
,,,,
b_3,b_3_n_0,b_3_n_0,b_8,b_14
,,,,
,,,,
,,,,
i_0,,,,
,,,,
,,,,
,,,,
,,,,
,,,,
,,b_15,b_4,b_4
,,,,
,,,,
,,,,
,,,,
,,,,
,,,,
,,,,
,,,,
,,,,
b_1,b_10,b_5,b_10,b_1
,,,,
,,,,
,,,,
,,,,
,,,,
,,,,
,,,,
,,,,
,,,,
b_1,b_1,b_1,b_1,b_1
,,,,
,,,,
,,,,
,,,,
,,i_1,,
,,,,
,,,,
,,,,
,,,,
b_8,b_6,b_3,,
,,,,
,,,,
,,,,
,,,,
,,,,
,,,,
,,,,
,,,,
,,,,
b_2,b_2,b_3,b_3,b_3
,,,,
,,,,
,,,,
,,,,
,,,,
,,,,
,,,,
,,,,
,,,,
,,b_3,b_1,b_1
,,,,
,,,,
,,,,
,,,,
,,,,
,,,,
,,,,
,,,,
,,,,
b_1,b_1,b_1,b_2,b_1
,,,,
,,,,
,,,,
,,,,
,,,,
,,,,
,,,,
,,,,
,,,,
,,,,